,num_points,max_iterations,application,num_threads,chunk_size,repeat,runtime
0,100,100,python,1,default,1,0.026572625000000016
1,100,100,python,1,default,2,0.02605845799999995
2,100,100,python,1,default,3,0.025658833999999908
3,100,100,python,1,default,4,0.02543799999999996
4,100,100,python,1,default,5,0.02513862500000008
5,100,500,python,1,default,1,0.09729624999999986
6,100,500,python,1,default,2,0.0928986249999999
7,100,500,python,1,default,3,0.0911185000000001
8,100,500,python,1,default,4,0.09054412500000009
9,100,500,python,1,default,5,0.09228337499999983
10,100,1000,python,1,default,1,0.17590745799999996
11,100,1000,python,1,default,2,0.17530533299999984
12,100,1000,python,1,default,3,0.17448416600000005
13,100,1000,python,1,default,4,0.1763597910000001
14,100,1000,python,1,default,5,0.1760156249999998
15,500,100,python,1,default,1,0.663647208
16,500,100,python,1,default,2,0.682087917
17,500,100,python,1,default,3,0.6625400000000004
18,500,100,python,1,default,4,0.6768611670000002
19,500,100,python,1,default,5,0.6390978330000001
20,500,500,python,1,default,1,2.3113505420000005
21,500,500,python,1,default,2,2.2614688750000003
22,500,500,python,1,default,3,2.3414572499999995
23,500,500,python,1,default,4,2.3290116249999997
24,500,500,python,1,default,5,2.2694445839999986
25,500,1000,python,1,default,1,4.341353958999999
26,500,1000,python,1,default,2,4.37220275
27,500,1000,python,1,default,3,4.373163667
28,500,1000,python,1,default,4,4.3748681670000025
29,500,1000,python,1,default,5,4.392359040999999
30,2000,100,python,1,default,1,10.328322209
31,2000,100,python,1,default,2,10.400233457999995
32,2000,100,python,1,default,3,10.287873582999993
33,2000,100,python,1,default,4,10.336993583999998
34,2000,100,python,1,default,5,10.366674207999992
35,2000,500,python,1,default,1,37.45135983300001
36,2000,500,python,1,default,2,37.51473841699999
37,2000,500,python,1,default,3,37.684985624999996
38,2000,500,python,1,default,4,37.898480000000006
39,2000,500,python,1,default,5,37.73465150000001
40,2000,1000,python,1,default,1,71.15275937500002
41,2000,1000,python,1,default,2,71.27515549999998
42,2000,1000,python,1,default,3,72.01769333300001
43,2000,1000,python,1,default,4,71.28882170799994
44,2000,1000,python,1,default,5,71.71545720799998
45,5000,100,python,1,default,1,65.27520608400005
46,5000,100,python,1,default,2,65.45555087500009
47,5000,100,python,1,default,3,65.3998795
48,5000,100,python,1,default,4,65.80151070799991
49,5000,100,python,1,default,5,64.840896542
50,5000,500,python,1,default,1,231.8411971669999
51,5000,500,python,1,default,2,232.20628858300006
52,5000,500,python,1,default,3,233.27035862499997
53,5000,500,python,1,default,4,234.28441904200008
54,5000,500,python,1,default,5,234.21344099999988
55,5000,1000,python,1,default,1,446.55154987499964
56,5000,1000,python,1,default,2,446.5240130830002
57,5000,1000,python,1,default,3,444.9671439589997
58,5000,1000,python,1,default,4,443.7137237090001
59,5000,1000,python,1,default,5,444.9570953330003
60,100,100,withnumba,1,default,1,0.0007816670004103798
61,100,100,withnumba,1,default,2,0.0007896669994806871
62,100,100,withnumba,1,default,3,0.0007709159999649273
63,100,100,withnumba,1,default,4,0.0007442500000252039
64,100,100,withnumba,1,default,5,0.000752332999581995
65,100,500,withnumba,1,default,1,0.0031519159992967616
66,100,500,withnumba,1,default,2,0.003110207999270642
67,100,500,withnumba,1,default,3,0.003155708000122104
68,100,500,withnumba,1,default,4,0.0031502499996349798
69,100,500,withnumba,1,default,5,0.0030917920003048494
70,100,1000,withnumba,1,default,1,0.006152208999992581
71,100,1000,withnumba,1,default,2,0.006102583999563649
72,100,1000,withnumba,1,default,3,0.0061187080000308924
73,100,1000,withnumba,1,default,4,0.006113082999945618
74,100,1000,withnumba,1,default,5,0.0060512909994940856
75,500,100,withnumba,1,default,1,0.018295500000022002
76,500,100,withnumba,1,default,2,0.01831399999991845
77,500,100,withnumba,1,default,3,0.018328083000596962
78,500,100,withnumba,1,default,4,0.018249834000016563
79,500,100,withnumba,1,default,5,0.018234750000374333
80,500,500,withnumba,1,default,1,0.0796104999999443
81,500,500,withnumba,1,default,2,0.07890333300019847
82,500,500,withnumba,1,default,3,0.07895408399963344
83,500,500,withnumba,1,default,4,0.07809554200048296
84,500,500,withnumba,1,default,5,0.07677120799962722
85,500,1000,withnumba,1,default,1,0.14890608400037308
86,500,1000,withnumba,1,default,2,0.1507961659999637
87,500,1000,withnumba,1,default,3,0.14854829199975939
88,500,1000,withnumba,1,default,4,0.14836224999999104
89,500,1000,withnumba,1,default,5,0.14845041599983233
90,2000,100,withnumba,1,default,1,0.28197758399983286
91,2000,100,withnumba,1,default,2,0.2845801659996141
92,2000,100,withnumba,1,default,3,0.281584667000061
93,2000,100,withnumba,1,default,4,0.2874392909998278
94,2000,100,withnumba,1,default,5,0.2819155419992967
95,2000,500,withnumba,1,default,1,1.2299847499998577
96,2000,500,withnumba,1,default,2,1.227565166000204
97,2000,500,withnumba,1,default,3,1.2276073330003783
98,2000,500,withnumba,1,default,4,1.228161750000254
99,2000,500,withnumba,1,default,5,1.22416450000037
100,2000,1000,withnumba,1,default,1,2.4348185420003574
101,2000,1000,withnumba,1,default,2,2.3972074580005938
102,2000,1000,withnumba,1,default,3,2.3968438749998313
103,2000,1000,withnumba,1,default,4,2.4063628339999923
104,2000,1000,withnumba,1,default,5,2.3994010839996918
105,5000,100,withnumba,1,default,1,1.772956833000535
106,5000,100,withnumba,1,default,2,1.7705603330005033
107,5000,100,withnumba,1,default,3,1.7721740409997437
108,5000,100,withnumba,1,default,4,1.7724804170002244
109,5000,100,withnumba,1,default,5,1.7700447499992151
110,5000,500,withnumba,1,default,1,7.677303665999716
111,5000,500,withnumba,1,default,2,7.693698915999448
112,5000,500,withnumba,1,default,3,7.674154790999637
113,5000,500,withnumba,1,default,4,7.668099458999677
114,5000,500,withnumba,1,default,5,7.665336375000152
115,5000,1000,withnumba,1,default,1,14.988469334000001
116,5000,1000,withnumba,1,default,2,14.996051707999868
117,5000,1000,withnumba,1,default,3,15.003233749999708
118,5000,1000,withnumba,1,default,4,15.2098114169994
119,5000,1000,withnumba,1,default,5,14.87325037500068
120,100,100,withomp,1,default,1,0.0007877500001995941
121,100,100,withomp,1,default,2,0.0007275420002770261
122,100,100,withomp,1,default,3,0.0007236250003188616
123,100,100,withomp,1,default,4,0.0007202079996204702
124,100,100,withomp,1,default,5,0.0007388340000034077
125,100,100,withomp,2,default,1,0.00045583300016005524
126,100,100,withomp,2,default,2,0.0003820000001724111
127,100,100,withomp,2,default,3,0.0003795420007008943
128,100,100,withomp,2,default,4,0.0003773340004045167
129,100,100,withomp,2,default,5,0.0003768340002352488
130,100,100,withomp,3,default,1,0.0002864580001187278
131,100,100,withomp,3,default,2,0.0002610420006021741
132,100,100,withomp,3,default,3,0.00037083300048834644
133,100,100,withomp,3,default,4,0.00028454200037231203
134,100,100,withomp,3,default,5,0.000262333000137005
135,100,100,withomp,4,default,1,0.00023204200078907888
136,100,100,withomp,4,default,2,0.00020637499983422458
137,100,100,withomp,4,default,3,0.00019645900010800688
138,100,100,withomp,4,default,4,0.0001960419995157281
139,100,100,withomp,4,default,5,0.00019579199943109415
140,100,100,withomp,5,default,1,0.00018833400008588796
141,100,100,withomp,5,default,2,0.00015929100027278764
142,100,100,withomp,5,default,3,0.00015770900063216686
143,100,100,withomp,5,default,4,0.00015754200012452202
144,100,100,withomp,5,default,5,0.00015770899972267216
145,100,100,withomp,6,default,1,0.00015729200003988808
146,100,100,withomp,6,default,2,0.00013466700056596892
147,100,100,withomp,6,default,3,0.00013337499967747135
148,100,100,withomp,6,default,4,0.00014325000029202783
149,100,100,withomp,6,default,5,0.00022012499994161772
150,100,100,withomp,7,default,1,0.00024987500000861473
151,100,100,withomp,7,default,2,0.00011729199923138367
152,100,100,withomp,7,default,3,0.00013683300039701862
153,100,100,withomp,7,default,4,0.00014437499976338586
154,100,100,withomp,7,default,5,0.00012166600026830565
155,100,100,withomp,8,default,1,0.0002492500007065246
156,100,100,withomp,8,default,2,0.00027908399988518795
157,100,100,withomp,8,default,3,0.00021512500006792834
158,100,100,withomp,8,default,4,0.0002040840008703526
159,100,100,withomp,8,default,5,0.00015629199970135232
160,100,500,withomp,1,default,1,0.003314624999802618
161,100,500,withomp,1,default,2,0.0033003329999701236
162,100,500,withomp,1,default,3,0.003253083000345214
163,100,500,withomp,1,default,4,0.0032588329995633103
164,100,500,withomp,1,default,5,0.0032734169999457663
165,100,500,withomp,2,default,1,0.0017104589996961295
166,100,500,withomp,2,default,2,0.0016355829993699444
167,100,500,withomp,2,default,3,0.0016396659993915819
168,100,500,withomp,2,default,4,0.0016254169995590928
169,100,500,withomp,2,default,5,0.001630249999834632
170,100,500,withomp,3,default,1,0.0010989170004904736
171,100,500,withomp,3,default,2,0.0010955839998132433
172,100,500,withomp,3,default,3,0.0010942500002784072
173,100,500,withomp,3,default,4,0.0010945829999400303
174,100,500,withomp,3,default,5,0.001095790999897872
175,100,500,withomp,4,default,1,0.0008539999998902204
176,100,500,withomp,4,default,2,0.0008486670003549079
177,100,500,withomp,4,default,3,0.0008312500003739842
178,100,500,withomp,4,default,4,0.0008221669995691627
179,100,500,withomp,4,default,5,0.0008232079999288544
180,100,500,withomp,5,default,1,0.0006586249992324156
181,100,500,withomp,5,default,2,0.0006556669995916309
182,100,500,withomp,5,default,3,0.0006553749999511638
183,100,500,withomp,5,default,4,0.0006659999999101274
184,100,500,withomp,5,default,5,0.0006544580000991118
185,100,500,withomp,6,default,1,0.0005693749999409192
186,100,500,withomp,6,default,2,0.0005687499997293344
187,100,500,withomp,6,default,3,0.0005643340000460739
188,100,500,withomp,6,default,4,0.0005616669996015844
189,100,500,withomp,6,default,5,0.0005618340001092292
190,100,500,withomp,7,default,1,0.000488749999931315
191,100,500,withomp,7,default,2,0.0004912499998681596
192,100,500,withomp,7,default,3,0.0004818339994017151
193,100,500,withomp,7,default,4,0.0004754999999931897
194,100,500,withomp,7,default,5,0.00048045899984572316
195,100,500,withomp,8,default,1,0.0005277919999571168
196,100,500,withomp,8,default,2,0.00046308299988595536
197,100,500,withomp,8,default,3,0.0005354169998099678
198,100,500,withomp,8,default,4,0.0005346670004655607
199,100,500,withomp,8,default,5,0.00046495900005538715
200,100,1000,withomp,1,default,1,0.006326124999759486
201,100,1000,withomp,1,default,2,0.006349582999973791
202,100,1000,withomp,1,default,3,0.006356666000101541
203,100,1000,withomp,1,default,4,0.006363167000017711
204,100,1000,withomp,1,default,5,0.0063440829999308335
205,100,1000,withomp,2,default,1,0.0031974169996829005
206,100,1000,withomp,2,default,2,0.00316366700008075
207,100,1000,withomp,2,default,3,0.0031804170002942556
208,100,1000,withomp,2,default,4,0.003243625000322936
209,100,1000,withomp,2,default,5,0.0031686249994891114
210,100,1000,withomp,3,default,1,0.0021740000001955195
211,100,1000,withomp,3,default,2,0.002147125000192318
212,100,1000,withomp,3,default,3,0.0021374170000854065
213,100,1000,withomp,3,default,4,0.00213400000029651
214,100,1000,withomp,3,default,5,0.0021516249998967396
215,100,1000,withomp,4,default,1,0.0016017079997254768
216,100,1000,withomp,4,default,2,0.0016055420001066523
217,100,1000,withomp,4,default,3,0.0015969999994922546
218,100,1000,withomp,4,default,4,0.0016003340006136568
219,100,1000,withomp,4,default,5,0.0016047079998315894
220,100,1000,withomp,5,default,1,0.0013668329993379302
221,100,1000,withomp,5,default,2,0.0012780410006598686
222,100,1000,withomp,5,default,3,0.0012749589996019495
223,100,1000,withomp,5,default,4,0.0012747920000037993
224,100,1000,withomp,5,default,5,0.0012736670005324413
225,100,1000,withomp,6,default,1,0.0011018750001312583
226,100,1000,withomp,6,default,2,0.0011287919996902929
227,100,1000,withomp,6,default,3,0.00109833299939055
228,100,1000,withomp,6,default,4,0.0010974160004479927
229,100,1000,withomp,6,default,5,0.001097082999876875
230,100,1000,withomp,7,default,1,0.0009364170000480954
231,100,1000,withomp,7,default,2,0.0009367499997097184
232,100,1000,withomp,7,default,3,0.0009465409993936191
233,100,1000,withomp,7,default,4,0.000947833999816794
234,100,1000,withomp,7,default,5,0.0009355409993077046
235,100,1000,withomp,8,default,1,0.0008072500004345784
236,100,1000,withomp,8,default,2,0.0008037079996938701
237,100,1000,withomp,8,default,3,0.0008055420003074687
238,100,1000,withomp,8,default,4,0.0008032499999899301
239,100,1000,withomp,8,default,5,0.0008027499998206622
240,500,100,withomp,1,default,1,0.019019999999727588
241,500,100,withomp,1,default,2,0.019075416999839945
242,500,100,withomp,1,default,3,0.019449916999292327
243,500,100,withomp,1,default,4,0.019072291000156838
244,500,100,withomp,1,default,5,0.019041416999243665
245,500,100,withomp,2,default,1,0.009564083000441315
246,500,100,withomp,2,default,2,0.009514792000118177
247,500,100,withomp,2,default,3,0.009516334000181814
248,500,100,withomp,2,default,4,0.009522749999632651
249,500,100,withomp,2,default,5,0.00953595899954962
250,500,100,withomp,3,default,1,0.006364457999552542
251,500,100,withomp,3,default,2,0.006349084000248695
252,500,100,withomp,3,default,3,0.0063559999998688
253,500,100,withomp,3,default,4,0.006355915999847639
254,500,100,withomp,3,default,5,0.006350124999698892
255,500,100,withomp,4,default,1,0.004779208000400104
256,500,100,withomp,4,default,2,0.004769624999426014
257,500,100,withomp,4,default,3,0.0047732080001878785
258,500,100,withomp,4,default,4,0.004772749999574444
259,500,100,withomp,4,default,5,0.00476875000003929
260,500,100,withomp,5,default,1,0.0038932500001465087
261,500,100,withomp,5,default,2,0.0038192920001165476
262,500,100,withomp,5,default,3,0.003809374999946158
263,500,100,withomp,5,default,4,0.0038108329999886337
264,500,100,withomp,5,default,5,0.0038112909996925737
265,500,100,withomp,6,default,1,0.0032771250007499475
266,500,100,withomp,6,default,2,0.0031827499997234554
267,500,100,withomp,6,default,3,0.0031772910006111488
268,500,100,withomp,6,default,4,0.003178416000082507
269,500,100,withomp,6,default,5,0.003177583999786293
270,500,100,withomp,7,default,1,0.0027615409999270923
271,500,100,withomp,7,default,2,0.002747084000475297
272,500,100,withomp,7,default,3,0.0027266250008324278
273,500,100,withomp,7,default,4,0.002735541999754787
274,500,100,withomp,7,default,5,0.002741750000495813
275,500,100,withomp,8,default,1,0.003762500000448199
276,500,100,withomp,8,default,2,0.002417417000287969
277,500,100,withomp,8,default,3,0.0023996250001800945
278,500,100,withomp,8,default,4,0.0023936249999678694
279,500,100,withomp,8,default,5,0.0023925830000735004
280,500,500,withomp,1,default,1,0.08146445800048241
281,500,500,withomp,1,default,2,0.08162562500001513
282,500,500,withomp,1,default,3,0.08112345900008222
283,500,500,withomp,1,default,4,0.08040091699967888
284,500,500,withomp,1,default,5,0.08044162500027596
285,500,500,withomp,2,default,1,0.040661333000571176
286,500,500,withomp,2,default,2,0.04057937500056141
287,500,500,withomp,2,default,3,0.04097200000069279
288,500,500,withomp,2,default,4,0.040658042000359274
289,500,500,withomp,2,default,5,0.0404220840000562
290,500,500,withomp,3,default,1,0.027283750000606233
291,500,500,withomp,3,default,2,0.026677165999899444
292,500,500,withomp,3,default,3,0.026901791999989655
293,500,500,withomp,3,default,4,0.026974458000040613
294,500,500,withomp,3,default,5,0.026861750000534812
295,500,500,withomp,4,default,1,0.020275750000109838
296,500,500,withomp,4,default,2,0.020526459000393515
297,500,500,withomp,4,default,3,0.020920165999996243
298,500,500,withomp,4,default,4,0.020580916999278998
299,500,500,withomp,4,default,5,0.02075858399985009
300,500,500,withomp,5,default,1,0.01683845899970038
301,500,500,withomp,5,default,2,0.016288667000480928
302,500,500,withomp,5,default,3,0.016889749999791093
303,500,500,withomp,5,default,4,0.01739045799968153
304,500,500,withomp,5,default,5,0.01657958299983875
305,500,500,withomp,6,default,1,0.018566167000244604
306,500,500,withomp,6,default,2,0.013629333000608312
307,500,500,withomp,6,default,3,0.013583292000475922
308,500,500,withomp,6,default,4,0.013590874999863445
309,500,500,withomp,6,default,5,0.013592708000032871
310,500,500,withomp,7,default,1,0.011799332999544276
311,500,500,withomp,7,default,2,0.011800584000411618
312,500,500,withomp,7,default,3,0.011782000000494008
313,500,500,withomp,7,default,4,0.011702165999849967
314,500,500,withomp,7,default,5,0.01172429199959879
315,500,500,withomp,8,default,1,0.010476665999703982
316,500,500,withomp,8,default,2,0.010318916999494832
317,500,500,withomp,8,default,3,0.010354125000048953
318,500,500,withomp,8,default,4,0.01031462500031921
319,500,500,withomp,8,default,5,0.010278540999934194
320,500,1000,withomp,1,default,1,0.15907837499980815
321,500,1000,withomp,1,default,2,0.1542842090002523
322,500,1000,withomp,1,default,3,0.15222391699990112
323,500,1000,withomp,1,default,4,0.1484408340002119
324,500,1000,withomp,1,default,5,0.14866100000017468
325,500,1000,withomp,2,default,1,0.0791640000006737
326,500,1000,withomp,2,default,2,0.07849816700036172
327,500,1000,withomp,2,default,3,0.07780599999932747
328,500,1000,withomp,2,default,4,0.07757566700001917
329,500,1000,withomp,2,default,5,0.07755120799993165
330,500,1000,withomp,3,default,1,0.05321429200012062
331,500,1000,withomp,3,default,2,0.05312300000059622
332,500,1000,withomp,3,default,3,0.05308812499970372
333,500,1000,withomp,3,default,4,0.05311616600010893
334,500,1000,withomp,3,default,5,0.05312204200072301
335,500,1000,withomp,4,default,1,0.03979212499962159
336,500,1000,withomp,4,default,2,0.03957116699984908
337,500,1000,withomp,4,default,3,0.039889709000817675
338,500,1000,withomp,4,default,4,0.039875333000054525
339,500,1000,withomp,4,default,5,0.03976837499976682
340,500,1000,withomp,5,default,1,0.031976792000023124
341,500,1000,withomp,5,default,2,0.03190995800014207
342,500,1000,withomp,5,default,3,0.0319134169994868
343,500,1000,withomp,5,default,4,0.031897874999231135
344,500,1000,withomp,5,default,5,0.03192624999974214
345,500,1000,withomp,6,default,1,0.02656387499973789
346,500,1000,withomp,6,default,2,0.026639959000021918
347,500,1000,withomp,6,default,3,0.026508291000027384
348,500,1000,withomp,6,default,4,0.02651408299971081
349,500,1000,withomp,6,default,5,0.026533417000791815
350,500,1000,withomp,7,default,1,0.022852625000268745
351,500,1000,withomp,7,default,2,0.02275254199957999
352,500,1000,withomp,7,default,3,0.022752582999601145
353,500,1000,withomp,7,default,4,0.02281495800070843
354,500,1000,withomp,7,default,5,0.022770833000322455
355,500,1000,withomp,8,default,1,0.020079832999726932
356,500,1000,withomp,8,default,2,0.019992584000647184
357,500,1000,withomp,8,default,3,0.02000183400014066
358,500,1000,withomp,8,default,4,0.020013875000586268
359,500,1000,withomp,8,default,5,0.02001629200003663
360,2000,100,withomp,1,default,1,0.2964559169995482
361,2000,100,withomp,1,default,2,0.2888875829994504
362,2000,100,withomp,1,default,3,0.2827037499992002
363,2000,100,withomp,1,default,4,0.2889574159999029
364,2000,100,withomp,1,default,5,0.28850695799974346
365,2000,100,withomp,2,default,1,0.14801900000020396
366,2000,100,withomp,2,default,2,0.14635508299943467
367,2000,100,withomp,2,default,3,0.1465129580001303
368,2000,100,withomp,2,default,4,0.14654200000040873
369,2000,100,withomp,2,default,5,0.14636020800026017
370,2000,100,withomp,3,default,1,0.10146325000005163
371,2000,100,withomp,3,default,2,0.10046579200025008
372,2000,100,withomp,3,default,3,0.10041275000003225
373,2000,100,withomp,3,default,4,0.10041308400013804
374,2000,100,withomp,3,default,5,0.10038600000007136
375,2000,100,withomp,4,default,1,0.07647008300045854
376,2000,100,withomp,4,default,2,0.07529220800006442
377,2000,100,withomp,4,default,3,0.07531412499974977
378,2000,100,withomp,4,default,4,0.07537737499933428
379,2000,100,withomp,4,default,5,0.07504400000016176
380,2000,100,withomp,5,default,1,0.06065458299963211
381,2000,100,withomp,5,default,2,0.06013204200007749
382,2000,100,withomp,5,default,3,0.060136332999718434
383,2000,100,withomp,5,default,4,0.06017525000061141
384,2000,100,withomp,5,default,5,0.06028908299958857
385,2000,100,withomp,6,default,1,0.05078325000067707
386,2000,100,withomp,6,default,2,0.05016266700022243
387,2000,100,withomp,6,default,3,0.050279875000342145
388,2000,100,withomp,6,default,4,0.05024000000048545
389,2000,100,withomp,6,default,5,0.05027475000042614
390,2000,100,withomp,7,default,1,0.04420924999976705
391,2000,100,withomp,7,default,2,0.04308604200014088
392,2000,100,withomp,7,default,3,0.04313516699949105
393,2000,100,withomp,7,default,4,0.04308604200014088
394,2000,100,withomp,7,default,5,0.04302124999958323
395,2000,100,withomp,8,default,1,0.038641417000690126
396,2000,100,withomp,8,default,2,0.03784345799977018
397,2000,100,withomp,8,default,3,0.03772491600011563
398,2000,100,withomp,8,default,4,0.040621957999974256
399,2000,100,withomp,8,default,5,0.037675958999898285
400,2000,500,withomp,1,default,1,1.2501933339999596
401,2000,500,withomp,1,default,2,1.2197067920005793
402,2000,500,withomp,1,default,3,1.2280737080000108
403,2000,500,withomp,1,default,4,1.2240237500000148
404,2000,500,withomp,1,default,5,1.2206083329992907
405,2000,500,withomp,2,default,1,0.6344505830002163
406,2000,500,withomp,2,default,2,0.6339423750005153
407,2000,500,withomp,2,default,3,0.6341492090004976
408,2000,500,withomp,2,default,4,0.6417070420002347
409,2000,500,withomp,2,default,5,0.6427362920003361
410,2000,500,withomp,3,default,1,0.4361088749992632
411,2000,500,withomp,3,default,2,0.43673629199929564
412,2000,500,withomp,3,default,3,0.43472162500074774
413,2000,500,withomp,3,default,4,0.43541479099985736
414,2000,500,withomp,3,default,5,0.43465454199940723
415,2000,500,withomp,4,default,1,0.32640674999947805
416,2000,500,withomp,4,default,2,0.32534758299971145
417,2000,500,withomp,4,default,3,0.3260964579994834
418,2000,500,withomp,4,default,4,0.32589137500053766
419,2000,500,withomp,4,default,5,0.32533500000045024
420,2000,500,withomp,5,default,1,0.26085791700006666
421,2000,500,withomp,5,default,2,0.26063937500020984
422,2000,500,withomp,5,default,3,0.2611852079999153
423,2000,500,withomp,5,default,4,0.260595583000395
424,2000,500,withomp,5,default,5,0.2607263750005586
425,2000,500,withomp,6,default,1,0.21684100000038597
426,2000,500,withomp,6,default,2,0.2172216250000929
427,2000,500,withomp,6,default,3,0.21728983299999527
428,2000,500,withomp,6,default,4,0.21727595799984556
429,2000,500,withomp,6,default,5,0.21717079100017145
430,2000,500,withomp,7,default,1,0.18750974999966274
431,2000,500,withomp,7,default,2,0.18646512499981327
432,2000,500,withomp,7,default,3,0.18632845800038922
433,2000,500,withomp,7,default,4,0.1885771659999591
434,2000,500,withomp,7,default,5,0.18630691599992133
435,2000,500,withomp,8,default,1,0.1678377919997729
436,2000,500,withomp,8,default,2,0.16894379099994694
437,2000,500,withomp,8,default,3,0.1647419170003559
438,2000,500,withomp,8,default,4,0.1634928339999533
439,2000,500,withomp,8,default,5,0.1630749999994805
440,2000,1000,withomp,1,default,1,2.451751042000069
441,2000,1000,withomp,1,default,2,2.4202665839993642
442,2000,1000,withomp,1,default,3,2.4179070830005003
443,2000,1000,withomp,1,default,4,2.4277166669999133
444,2000,1000,withomp,1,default,5,2.393014750000475
445,2000,1000,withomp,2,default,1,1.241133374999663
446,2000,1000,withomp,2,default,2,1.2396172919998207
447,2000,1000,withomp,2,default,3,1.239157833999343
448,2000,1000,withomp,2,default,4,1.2389038330002222
449,2000,1000,withomp,2,default,5,1.239149833000738
450,2000,1000,withomp,3,default,1,0.849889666999843
451,2000,1000,withomp,3,default,2,0.8462448339996627
452,2000,1000,withomp,3,default,3,0.8503529589997925
453,2000,1000,withomp,3,default,4,0.8491259160000482
454,2000,1000,withomp,3,default,5,0.8532722079999076
455,2000,1000,withomp,4,default,1,0.6368677500004196
456,2000,1000,withomp,4,default,2,0.6373458749994825
457,2000,1000,withomp,4,default,3,0.6390398329995151
458,2000,1000,withomp,4,default,4,0.6427327499995954
459,2000,1000,withomp,4,default,5,0.640967332999935
460,2000,1000,withomp,5,default,1,0.5122715830002562
461,2000,1000,withomp,5,default,2,0.5118994170006772
462,2000,1000,withomp,5,default,3,0.5090016249996552
463,2000,1000,withomp,5,default,4,0.513633249999657
464,2000,1000,withomp,5,default,5,0.5089544580005168
465,2000,1000,withomp,6,default,1,0.43389750000005733
466,2000,1000,withomp,6,default,2,0.4253278330006651
467,2000,1000,withomp,6,default,3,0.42482816699975956
468,2000,1000,withomp,6,default,4,0.4247083340005702
469,2000,1000,withomp,6,default,5,0.42501604199969734
470,2000,1000,withomp,7,default,1,0.3669072499997128
471,2000,1000,withomp,7,default,2,0.36630029099978856
472,2000,1000,withomp,7,default,3,0.366030750000391
473,2000,1000,withomp,7,default,4,0.3671759999997448
474,2000,1000,withomp,7,default,5,0.36865320800006884
475,2000,1000,withomp,8,default,1,0.32368879200021183
476,2000,1000,withomp,8,default,2,0.32415345899971726
477,2000,1000,withomp,8,default,3,0.3244626249997964
478,2000,1000,withomp,8,default,4,0.32316924999940966
479,2000,1000,withomp,8,default,5,0.3225549160006267
480,5000,100,withomp,1,default,1,1.8268451250005455
481,5000,100,withomp,1,default,2,1.8351654999996754
482,5000,100,withomp,1,default,3,1.8249734999999419
483,5000,100,withomp,1,default,4,1.8283400000000256
484,5000,100,withomp,1,default,5,1.8350332079999134
485,5000,100,withomp,2,default,1,0.9279441250000673
486,5000,100,withomp,2,default,2,0.9219908340000984
487,5000,100,withomp,2,default,3,0.9230324999998629
488,5000,100,withomp,2,default,4,0.9212681669996527
489,5000,100,withomp,2,default,5,0.9311875000003056
490,5000,100,withomp,3,default,1,0.6278027920006934
491,5000,100,withomp,3,default,2,0.6284093340000254
492,5000,100,withomp,3,default,3,0.6263991659998283
493,5000,100,withomp,3,default,4,0.6249288330000127
494,5000,100,withomp,3,default,5,0.6272564159999092
495,5000,100,withomp,4,default,1,0.47768012500000623
496,5000,100,withomp,4,default,2,0.47108112499972776
497,5000,100,withomp,4,default,3,0.4728781670000899
498,5000,100,withomp,4,default,4,0.4732176249999611
499,5000,100,withomp,4,default,5,0.4743452080001589
500,5000,100,withomp,5,default,1,0.3783507500002088
501,5000,100,withomp,5,default,2,0.3775452079999013
502,5000,100,withomp,5,default,3,0.3752020830006586
503,5000,100,withomp,5,default,4,0.3809020420003435
504,5000,100,withomp,5,default,5,0.3772361669998645
505,5000,100,withomp,6,default,1,0.31607699999949546
506,5000,100,withomp,6,default,2,0.31217370800004574
507,5000,100,withomp,6,default,3,0.31220604200007074
508,5000,100,withomp,6,default,4,0.3127699169999687
509,5000,100,withomp,6,default,5,0.3124059579995446
510,5000,100,withomp,7,default,1,0.27800999999999476
511,5000,100,withomp,7,default,2,0.2697016659994915
512,5000,100,withomp,7,default,3,0.2719360830005826
513,5000,100,withomp,7,default,4,0.27181295799982763
514,5000,100,withomp,7,default,5,0.2731746250001379
515,5000,100,withomp,8,default,1,0.24585437499990803
516,5000,100,withomp,8,default,2,0.24105962500016176
517,5000,100,withomp,8,default,3,0.24159416600014083
518,5000,100,withomp,8,default,4,0.2416921670001102
519,5000,100,withomp,8,default,5,0.2410044589996687
520,5000,500,withomp,1,default,1,7.820756833000814
521,5000,500,withomp,1,default,2,7.852127957999983
522,5000,500,withomp,1,default,3,7.828078542000185
523,5000,500,withomp,1,default,4,7.881043000000318
524,5000,500,withomp,1,default,5,7.866360500000155
525,5000,500,withomp,2,default,1,4.012189499999295
526,5000,500,withomp,2,default,2,3.9805096250001952
527,5000,500,withomp,2,default,3,3.982721291999951
528,5000,500,withomp,2,default,4,3.9793554580001
529,5000,500,withomp,2,default,5,4.001419250000254
530,5000,500,withomp,3,default,1,2.7190780000000814
531,5000,500,withomp,3,default,2,2.7183754590005265
532,5000,500,withomp,3,default,3,2.7228572499998336
533,5000,500,withomp,3,default,4,2.7198912089997975
534,5000,500,withomp,3,default,5,2.7188449590003074
535,5000,500,withomp,4,default,1,2.039429582999219
536,5000,500,withomp,4,default,2,2.145493957999861
537,5000,500,withomp,4,default,3,2.0376322090005488
538,5000,500,withomp,4,default,4,2.038341292000041
539,5000,500,withomp,4,default,5,2.0436454999999114
540,5000,500,withomp,5,default,1,1.6270053749994986
541,5000,500,withomp,5,default,2,1.6260489579999557
542,5000,500,withomp,5,default,3,1.6233398329995907
543,5000,500,withomp,5,default,4,1.6191757079996023
544,5000,500,withomp,5,default,5,1.6232636670001739
545,5000,500,withomp,6,default,1,1.355556333000095
546,5000,500,withomp,6,default,2,1.3512634999997317
547,5000,500,withomp,6,default,3,1.352103375000297
548,5000,500,withomp,6,default,4,1.3551636250003867
549,5000,500,withomp,6,default,5,1.3546879589994205
550,5000,500,withomp,7,default,1,1.1766626669996185
551,5000,500,withomp,7,default,2,1.1691718329993819
552,5000,500,withomp,7,default,3,1.173518624999815
553,5000,500,withomp,7,default,4,1.1677832089999356
554,5000,500,withomp,7,default,5,1.1708942909999678
555,5000,500,withomp,8,default,1,1.027858749999723
556,5000,500,withomp,8,default,2,1.0227853750002396
557,5000,500,withomp,8,default,3,1.0265742499996122
558,5000,500,withomp,8,default,4,1.0251323749998846
559,5000,500,withomp,8,default,5,1.024522290999812
560,5000,1000,withomp,1,default,1,15.317467750000105
561,5000,1000,withomp,1,default,2,15.429421457999524
562,5000,1000,withomp,1,default,3,15.27735358299924
563,5000,1000,withomp,1,default,4,15.416272958999798
564,5000,1000,withomp,1,default,5,15.480627124999955
565,5000,1000,withomp,2,default,1,7.754477082999983
566,5000,1000,withomp,2,default,2,7.783629999999903
567,5000,1000,withomp,2,default,3,7.778021749999425
568,5000,1000,withomp,2,default,4,7.780458707999969
569,5000,1000,withomp,2,default,5,7.778098499999942
570,5000,1000,withomp,3,default,1,5.337091749999672
571,5000,1000,withomp,3,default,2,5.32872745899931
572,5000,1000,withomp,3,default,3,5.329985792000116
573,5000,1000,withomp,3,default,4,5.309584540999822
574,5000,1000,withomp,3,default,5,5.325791000000208
575,5000,1000,withomp,4,default,1,3.989358415999959
576,5000,1000,withomp,4,default,2,3.9821792080001615
577,5000,1000,withomp,4,default,3,3.9817275000004884
578,5000,1000,withomp,4,default,4,3.996007374999863
579,5000,1000,withomp,4,default,5,3.9863599159998557
580,5000,1000,withomp,5,default,1,3.1902056659992013
581,5000,1000,withomp,5,default,2,3.184470084000168
582,5000,1000,withomp,5,default,3,3.1743782080002347
583,5000,1000,withomp,5,default,4,3.1642678749994957
584,5000,1000,withomp,5,default,5,3.165058958999907
585,5000,1000,withomp,6,default,1,2.6435611249999056
586,5000,1000,withomp,6,default,2,2.6408888750002006
587,5000,1000,withomp,6,default,3,2.6379839170003834
588,5000,1000,withomp,6,default,4,2.635700750000069
589,5000,1000,withomp,6,default,5,2.6416465420006716
590,5000,1000,withomp,7,default,1,2.2867722920000233
591,5000,1000,withomp,7,default,2,2.2834369169995625
592,5000,1000,withomp,7,default,3,2.282581333000053
593,5000,1000,withomp,7,default,4,2.2804754999997385
594,5000,1000,withomp,7,default,5,2.283453209000072
595,5000,1000,withomp,8,default,1,2.0020311660000516
596,5000,1000,withomp,8,default,2,1.9960750420004842
597,5000,1000,withomp,8,default,3,1.994137208000211
598,5000,1000,withomp,8,default,4,1.9953295420000359
599,5000,1000,withomp,8,default,5,1.9970779590003076
